{
  "xs-app.json": 1761069483766,
  "test/integration/pages/RisksObjectPage.js": 1761064249406,
  "test/integration/pages/JourneyRunner.js": 1761064249414,
  "test/integration/opaTests.qunit.js": 1761064249378,
  "test/integration/FirstJourney.js": 1761064249406,
  "test/testsuite.qunit.js": 1761064249114,
  "i18n/i18n.properties": 1761064290899,
  "manifest.json": 1761066198863,
  "Component.js": 1761064248798,
  "test/integration/opaTests.qunit-dbg.js": 1761064249378,
  "test/integration/opaTests.qunit.js.map": 1761069489318,
  "test/integration/pages/JourneyRunner-dbg.js": 1761064249414,
  "test/integration/pages/JourneyRunner.js.map": 1761069489332,
  "test/integration/pages/RisksObjectPage-dbg.js": 1761064249406,
  "test/integration/pages/RisksObjectPage.js.map": 1761069489322,
  "test/integration/FirstJourney-dbg.js": 1761064249406,
  "test/integration/FirstJourney.js.map": 1761069489334,
  "test/testsuite.qunit-dbg.js": 1761064249114,
  "test/testsuite.qunit.js.map": 1761069489322,
  "Component-dbg.js": 1761064248798,
  "Component.js.map": 1761069489324,
  "Component-preload.js": 1761069489509,
  "Component-preload.js.map": 1761069489509,
  "test/integration/opaTests.qunit.html": 1761064249358,
  "test/testsuite.qunit.html": 1761064249030,
  "test/flpSandbox.html": 1761064249030,
  "index.html": 1761064248830
}